Types_of_fluid,mh,mc,Th1,Th2,Tc1,Tc2,c,h,Volume_Concentration,Size_of_Particle,Ultrasonication_time,Speed_of_Magnetic_Stirrer,R,LMTD,e,U0,V,Rec,Prc,NTU,Dec,Nuc,hc,Ch,Cc,Cmin,Qmax,Q
Water,0.083,0.0167,78,74.11272289,36,55.32,3,3,0,0,0,0,0.19,29.88,0.46,178.12,0.21,3646.79,3.77,0.65,1229.13,33.46,2141.92,0.249,0.0501,0.0501,2.1042,0.967932
Water,0.083,0.033,78,71.54313253,36,48.18,4,3,0,0,0,0,0.39,33.47,0.29,195.58,0.38,6551.12,3.77,0.35,2208.03,44.85,2870.82,0.249,0.132,0.132,5.544,1.60776
Water,0.083,0.05,78,69.18,36,43.3206,6,3,0,0,0,0,0.599,34.77,0.21,211.92,0.64,10918.54,3.77,0.26,3680.05,57.91,3706.21,0.249,0.3,0.249,10.458,2.19618
Water,0.083,0.066,78,70.44,36,39.56522727,8,3,0,0,0,0,0.79,35.25,0.18,232.68,0.85,14558.78,3.77,0.21,4906.98,66.87,4279.63,0.249,0.528,0.249,10.458,1.88244
Water,0.083,0.0833,78,71.28,36,38.0087395,10,3,0,0,0,0,0.99,35.35,0.16,256.64,1.06,18190.26,3.77,0.189,6130.96,74.75,4783.74,0.249,0.833,0.249,10.458,1.67328
Al2O3,0.083,0.0167,78,72.02824096,36,58.26,4,3,0.05,80,60,1500,0.17,28.08,0.53,186.47,0.21,3726.81,3.48,0.79,1256.09,33.56,2245.8,0.249,0.0668,0.0668,2.8056,1.486968
Al2O3,0.083,0.033,78,68.81566265,36,49.86,5,3,0.05,80,60,1500,0.34,32.38,0.33,202.37,0.38,6694.82,3.48,0.43,2256.46,44.94,3010,0.249,0.165,0.165,6.93,2.2869
Al2O3,0.083,0.05,78,67.5,36,43.47,7,3,0.05,80,60,1500,0.51,34.04,0.25,215.57,0.64,11158.03,3.48,0.31,3760.77,58.1,3885.97,0.249,0.35,0.249,10.458,2.6145
Al2O3,0.083,0.066,78,69.18,36,39.69727273,9,3,0.05,80,60,1500,0.69,34.58,0.21,238.18,0.85,14878.11,3.48,0.25,5014.61,67.06,4887.27,0.249,0.594,0.249,10.458,2.19618
Al2O3,0.083,0.0833,78,70.02,36,38.16852559,11,3,0.05,80,60,1500,0.86,34.75,0.19,262.93,1.06,18589.27,3.48,0.22,6265.44,74.96,5015.76,0.249,0.9163,0.249,10.458,1.98702
Al2O3,0.083,0.0167,78,66.02831325,36,71.7,5,3,0.25,80,60,1500,0.11,19.25,0.85,273,0.21,3929.46,2.74,1.86,1324.41,33.65,2568.43,0.249,0.0835,0.0835,3.507,2.98095
Al2O3,0.083,0.033,78,60.96722892,36,57.42,6,3,0.25,80,60,1500,0.21,28.31,0.51,221.87,0.38,7058.92,2.74,0.76,2379.18,45.11,3442.47,0.249,0.198,0.198,8.316,4.24116
Al2O3,0.083,0.05,78,61.62,36,46.19655,8,3,0.25,80,60,1500,0.31,30.83,0.39,235.09,0.64,11764.86,2.74,0.54,3965.29,58.23,4444.21,0.249,0.4,0.249,10.458,4.07862
Al2O3,0.083,0.066,78,63.72,36,41.38745455,10,3,0.25,80,60,1500,0.43,31.79,0.34,259.33,0.85,15687.26,2.74,0.45,5287.33,67.24,5131.86,0.249,0.66,0.249,10.458,3.55572
Al2O3,0.083,0.0833,78,69.6,36,38.09243697,12,3,0.25,80,60,1500,0.53,32.31,0.2,282.36,1.06,19600.26,2.74,0.39,6606.19,75.16,5736.3,0.249,0.9996,0.249,10.458,2.0916
Al2O3,0.083,0.0167,78,62.45089157,36,74.64,6,3,0.5,80,60,1500,0.069,15.45,0.92,235.98,0.21,4053.85,2.47,2.49,1366.33,33.83,2864.12,0.249,0.1002,0.1002,4.2084,3.871728
Al2O3,0.083,0.033,78,47.21855422,36,69.18,7,3,0.5,80,60,1500,0.14,19.9,0.79,318.46,0.38,7282.37,2.47,1.68,2454.49,45.34,3838.76,0.249,0.231,0.231,9.702,7.66458
Al2O3,0.083,0.05,78,52.38,36,50.1764,9,3,0.5,80,60,1500,0.21,25.23,0.61,289.94,0.64,12137.27,2.47,1.02,4090.82,58.54,4955.02,0.249,0.45,0.249,10.458,6.37938
Al2O3,0.083,0.066,78,56.16,36,43.49057851,11,3,0.5,80,60,1500,0.28,27.3,0.52,304.04,0.85,16183.84,2.47,0.8,5454.69,67.59,5722.63,0.249,0.726,0.249,10.458,5.43816
Al2O3,0.083,0.0833,78,58.68,36,40.12509004,14,3,0.5,80,60,1500,0.35,28.59,0.46,319.12,1.06,20220.7,2.47,0.67,6815.31,75.56,6396.66,0.249,1.1662,0.249,10.458,4.81068
Water,0.083,0.0167,76,72.12278313,35,54.27,3,3,0,0,0,0,0.19,28.72,0.47,184.38,0.21,3646.79,3.768,0.68,1229.13,33.46,2141.92,0.249,0.0501,0.0501,2.0541,0.965427
Water,0.083,0.033,76,69.69686747,35,46.89,4,3,0,0,0,0,0.39,32.37,0.29,205.21,0.38,6551.12,3.768,0.38,2208.03,44.85,2870.82,0.249,0.132,0.132,5.412,1.56948
Water,0.083,0.05,76,66.98,35,42.4866,6,3,0,0,0,0,0.599,33.67,0.22,222.09,0.64,10918.54,3.768,0.27,3680.05,57.91,3706.21,0.249,0.3,0.249,10.209,2.24598
Water,0.083,0.066,76,68.21,35,38.67369318,8,3,0,0,0,0,0.79,34.09,0.19,245.74,0.85,14558.78,3.768,0.23,4906.98,66.87,4279.63,0.249,0.528,0.249,10.209,1.93971
Water,0.083,0.0833,76,69.44,35,36.96091236,10,3,0,0,0,0,0.99,34.25,0.16,268.87,1.06,18190.26,3.768,0.19,6130.96,74.75,4783.74,0.249,0.833,0.249,10.209,1.63344
Al2O3,0.083,0.0167,76,69.95044177,35,57.55,4,3,0.05,80,60,1500,0.17,26.98,0.55,194.51,0.21,3726.81,3.48,0.83,1256.09,33.56,2245.8,0.249,0.0668,0.0668,2.7388,1.50634
Al2O3,0.083,0.033,76,66.49096386,35,49.35,5,3,0.05,80,60,1500,0.34,31.22,0.35,213.59,0.38,6694.82,3.48,0.46,2256.46,44.94,3010.06,0.249,0.165,0.165,6.765,2.36775
Al2O3,0.083,0.05,76,65.34,35,42.58382857,7,3,0.05,80,60,1500,0.51,32.88,0.26,227.35,0.64,11158.03,3.48,0.33,3760.77,58.1,3885.97,0.249,0.35,0.249,10.209,2.65434
Al2O3,0.083,0.066,76,66.98,35,38.78111111,9,3,0.05,80,60,1500,0.69,33.43,0.22,251.22,0.85,14878.11,3.48,0.27,5014.61,67.06,4887.27,0.249,0.594,0.249,10.209,2.24598
Al2O3,0.083,0.0833,76,68.21,35,37.11689403,11,3,0.05,80,60,1500,0.86,33.67,0.19,275.29,1.06,18589.27,3.48,0.24,6265.44,74.96,5015.76,0.249,0.9163,0.249,10.209,1.93971
Al2O3,0.083,0.0167,76,64.45084337,35,69.44,5,3,0.25,80,60,1500,0.11,17.63,0.84,285.82,0.21,3929.46,2.74,1.96,1324.41,33.65,2568.43,0.249,0.0835,0.0835,3.4235,2.87574
Al2O3,0.083,0.033,76,58.3946988,35,57.14,6,3,0.25,80,60,1500,0.21,26.95,0.54,240.29,0.38,7058.92,2.74,0.83,2379.18,45.11,3442.47,0.249,0.198,0.198,8.118,4.38372
Al2O3,0.083,0.05,76,59.19,35,45.464225,8,3,0.25,80,60,1500,0.31,29.55,0.41,250.57,0.64,11764.86,2.74,0.57,3965.29,58.23,4444.21,0.249,0.4,0.249,10.209,4.18569
Al2O3,0.083,0.066,76,61.65,35,40.41386364,10,3,0.25,80,60,1500,0.43,30.57,0.35,274.72,0.85,15687.26,2.74,0.47,5287.33,67.24,5131.86,0.249,0.66,0.249,10.209,3.57315
Al2O3,0.083,0.0833,76,63.29,35,38.16605642,12,3,0.25,80,60,1500,0.53,31.16,0.31,297.37,1.06,19600.26,2.74,0.41,6606.19,75.16,5736.3,0.249,0.9996,0.249,10.209,3.16479
Al2O3,0.083,0.0167,76,60.16115663,35,74.36,6,3,0.5,80,60,1500,0.069,13.69,0.96,271.59,0.21,4053.85,2.47,2.86,1366.33,33.83,2864.12,0.249,0.1002,0.1002,4.1082,3.943872
Al2O3,0.083,0.033,76,44.04963855,35,69.44,7,3,0.5,80,60,1500,0.14,18.02,0.84,363.07,0.38,7282.37,2.47,1.91,2454.49,45.34,3838.76,0.249,0.231,0.231,9.471,7.95564
Al2O3,0.083,0.05,76,49.76,35,49.51946667,9,3,0.5,80,60,1500,0.21,23.99,0.64,308.83,0.64,12137.27,2.47,1.08,4090.82,58.54,4955.02,0.249,0.45,0.249,10.209,6.53376
Al2O3,0.083,0.066,76,53.86,35,42.59347107,11,3,0.5,80,60,1500,0.28,26.11,0.54,322.01,0.85,16183.84,2.47,0.85,5454.69,67.59,5722.63,0.249,0.726,0.249,10.209,5.51286
Al2O3,0.083,0.0833,76,56.73,35,39.11441434,14,3,0.5,80,60,1500,0.35,27.59,0.47,332.32,1.06,20220.7,2.47,0.7,6815.31,75.56,6396.66,0.249,1.1662,0.249,10.209,4.79823
Water,0.083,0.0167,74,70.13686747,34,53.2,3,3,0,0,0,0,0.19,27.91,0.48,185.76,0.21,3646.79,3.768,0.68,1229.13,33.46,2141.92,0.249,0.0501,0.0501,2.004,0.96192
Water,0.083,0.033,74,67.42650602,34,46.4,4,3,0,0,0,0,0.39,31.31,0.31,213.02,0.38,6551.12,3.768,0.39,2208.03,44.85,2870.82,0.249,0.132,0.132,5.28,1.6368
Water,0.083,0.05,74,64.8,34,41.636,6,3,0,0,0,0,0.599,32.57,0.23,232.96,0.64,10918.54,3.768,0.28,3680.05,57.91,3706.21,0.249,0.3,0.249,9.96,2.2908
Water,0.083,0.066,74,66.4,34,37.58409091,8,3,0,0,0,0,0.79,32.94,0.19,259.71,0.85,14558.78,3.768,0.24,4906.98,66.87,4279.63,0.249,0.528,0.249,9.96,1.8924
Water,0.083,0.0833,74,67.2,34,36.03265306,10,3,0,0,0,0,0.99,33.25,0.17,276.96,1.06,18190.26,3.768,0.2,6130.96,74.75,4783.74,0.249,0.833,0.249,9.96,1.6932
Al2O3,0.083,0.0167,74,68.09799197,34,56,4,3,0.05,80,60,1500,0.17,26.05,0.55,198.42,0.21,3726.81,3.48,0.85,1256.09,33.56,2245.8,0.249,0.0668,0.0668,2.672,1.4696
Al2O3,0.083,0.033,74,64.72289157,34,48,5,3,0.05,80,60,1500,0.34,30.32,0.35,218.37,0.38,6694.82,3.48,0.47,2256.46,44.94,3010,0.249,0.165,0.165,6.6,2.31
Al2O3,0.083,0.05,74,63.2,34,41.68342857,7,3,0.05,80,60,1500,0.51,31.73,0.27,239.99,0.64,11158.03,3.48,0.34,3760.77,58.1,3885.97,0.249,0.35,0.249,9.96,2.6892
Al2O3,0.083,0.066,74,65.2,34,37.68888889,9,3,0.05,80,60,1500,0.69,32.43,0.22,259.62,0.85,14878.11,3.48,0.28,5014.61,67.06,4887.27,0.249,0.594,0.249,9.96,2.1912
Al2O3,0.083,0.0833,74,66.4,34,36.06526247,11,3,0.05,80,60,1500,0.86,32.69,0.19,281.5,1.06,18589.27,3.48,0.24,6265.44,74.96,5015.76,0.249,0.9163,0.249,9.96,1.8924
Al2O3,0.083,0.0167,74,62.46425703,34,68.4,5,3,0.25,80,60,1500,0.11,16.43,0.86,306.31,0.21,3929.46,2.74,2.1,1324.41,33.65,2568.43,0.249,0.0835,0.0835,3.34,2.8724
Al2O3,0.083,0.033,74,56.18795181,34,56.4,6,3,0.25,80,60,1500,0.21,25.61,0.56,255.78,0.38,7058.92,2.74,0.88,2379.18,45.11,3442.47,0.249,0.198,0.198,7.92,4.4352
Al2O3,0.083,0.05,74,55.6,34,45.454,8,3,0.25,80,60,1500,0.31,28.49,0.46,262.26,0.64,11764.86,2.74,0.6,3965.29,58.23,4444.21,0.249,0.4,0.249,9.96,4.5816
Al2O3,0.083,0.066,74,59.2,34,39.58363636,10,3,0.25,80,60,1500,0.43,29.41,0.37,289.88,0.85,15687.26,2.74,0.49,5287.33,67.24,5131.86,0.249,0.66,0.249,9.96,3.6852
Al2O3,0.083,0.0833,74,61.2,34,37.18847539,12,3,0.25,80,60,1500,0.53,30.26,0.32,303.77,1.06,19600.26,2.74,0.42,6606.19,75.16,5736.3,0.249,0.9996,0.249,9.96,3.1872
Al2O3,0.083,0.0167,74,59.03036145,34,71.2,6,3,0.5,80,60,1500,0.069,13.63,0.93,258.91,0.21,4053.85,2.47,2.73,1366.33,33.83,2864.12,0.249,0.1002,0.1002,4.008,3.72744
Al2O3,0.083,0.033,74,41.71566265,34,68.8,7,3,0.5,80,60,1500,0.14,16.17,0.87,407.98,0.38,7282.37,2.47,2.15,2454.49,45.34,3838.76,0.249,0.231,0.231,9.24,8.0388
Al2O3,0.083,0.05,74,47.6,34,48.608,9,3,0.5,80,60,1500,0.21,22.83,0.66,328.28,0.64,12137.27,2.47,1.16,4090.82,58.54,4955.02,0.249,0.45,0.249,9.96,6.5736
Al2O3,0.083,0.066,74,51.6,34,41.68264463,11,3,0.5,80,60,1500,0.28,24.97,0.56,340.14,0.85,16183.84,2.47,0.89,5454.69,67.59,5722.63,0.249,0.726,0.249,9.96,5.5776
Al2O3,0.083,0.0833,74,54.8,34,38.09946836,14,3,0.5,80,60,1500,0.35,26.52,0.48,346.69,1.06,20220.7,2.47,0.73,6815.31,75.56,6396.66,0.249,1.1662,0.249,9.96,4.7808
Water,0.083,0.0167,72,68.1549759,33,52.11,3,3,0,0,0,0,0.19,26.79,0.49,196.65,0.21,3646.79,3.768,0.72,1229.13,33.46,2141.92,0.249,0.0501,0.0501,1.9539,0.957411
Water,0.083,0.033,72,65.59084337,33,45.09,4,3,0,0,0,0,0.39,30.3,0.31,220.08,0.38,6551.12,3.768,0.4,2208.03,44.85,2870.82,0.249,0.132,0.132,5.148,1.59588
Water,0.083,0.05,72,62.64,33,40.7688,6,3,0,0,0,0,0.599,31.57,0.24,241.19,0.64,10918.54,3.768,0.29,3680.05,57.91,3706.21,0.249,0.3,0.249,9.711,2.33064
Water,0.083,0.066,72,64.2,33,36.67840909,8,3,0,0,0,0,0.79,31.94,0.2,267.84,0.85,14558.78,3.768,0.25,4906.98,66.87,4279.63,0.249,0.528,0.249,9.711,1.9422
Water,0.083,0.0833,72,64.98,33,35.09841537,10,3,0,0,0,0,0.99,32.45,0.18,290.87,1.06,18190.26,3.768,0.21,6130.96,74.75,4783.74,0.249,0.833,0.249,9.711,1.74798
Al2O3,0.083,0.0167,72,65.93166265,33,55.62,4,3,0.05,80,60,1500,0.17,24.84,0.58,211.8,0.21,3726.81,3.48,0.91,1256.09,33.56,2245.8,0.249,0.0668,0.0668,2.6052,1.511016
Al2O3,0.083,0.033,72,62.43795181,33,47.43,5,3,0.05,80,60,1500,0.34,29.2,0.37,228.34,0.38,6694.82,3.48,0.49,2256.46,44.94,3010,0.249,0.165,0.165,6.435,2.38095
Al2O3,0.083,0.05,72,61.86,33,40.21388571,7,3,0.05,80,60,1500,0.51,31.57,0.26,224.46,0.64,11158.03,3.48,0.32,3760.77,58.1,3885.97,0.249,0.35,0.249,9.711,2.52486
Al2O3,0.083,0.066,72,63.03,33,36.76015152,9,3,0.05,80,60,1500,0.69,31.43,0.23,267.88,0.85,14878.11,3.48,0.29,5014.61,67.06,4887.27,0.249,0.594,0.249,9.711,2.23353
Al2O3,0.083,0.0833,72,64.2,33,35.11961148,11,3,0.05,80,60,1500,0.86,31.58,0.2,295.31,1.06,18589.27,3.48,0.25,6265.44,74.96,5015.76,0.249,0.9163,0.249,9.711,1.9422
Al2O3,0.083,0.0167,72,60.49108434,33,67.32,5,3,0.25,80,60,1500,0.11,15.29,0.88,250,0.21,3929.46,2.74,2.25,1324.41,33.65,2568.43,0.249,0.0835,0.0835,3.2565,2.86572
Al2O3,0.083,0.033,72,54.01301205,33,55.62,6,3,0.25,80,60,1500,0.21,24.57,0.58,266.6,0.38,7058.92,2.74,0.92,2379.18,45.11,3442.47,0.249,0.198,0.198,7.722,4.47876
Al2O3,0.083,0.05,72,54.84,33,43.6821,8,3,0.25,80,60,1500,0.31,27.49,0.44,273.48,0.64,11764.86,2.74,0.63,3965.29,58.23,4444.21,0.249,0.4,0.249,9.711,4.27284
Al2O3,0.083,0.066,72,57.57,33,38.44404545,10,3,0.25,80,60,1500,0.43,28.51,0.37,296.95,0.85,15687.26,2.74,0.51,5287.33,67.24,5131.86,0.249,0.66,0.249,9.711,3.59307
Al2O3,0.083,0.0833,72,59.13,33,36.20591236,12,3,0.25,80,60,1500,0.53,29.05,0.33,322.54,1.06,19600.26,2.74,0.44,6606.19,75.16,5736.3,0.249,0.9996,0.249,9.711,3.20463
Al2O3,0.083,0.0167,72,56.61990361,33,71.22,6,3,0.5,80,60,1500,0.069,11.3,0.98,319.61,0.21,4053.85,2.47,3.37,1366.33,33.83,2864.12,0.249,0.1002,0.1002,3.9078,3.829644
Al2O3,0.083,0.033,72,39.79915663,33,67.71,7,3,0.5,80,60,1500,0.14,14.16,0.89,339,0.38,7282.37,2.47,2.47,2454.49,45.34,3838.76,0.249,0.231,0.231,9.009,8.01801
Al2O3,0.083,0.05,72,45.48,33,47.6744,9,3,0.5,80,60,1500,0.21,21.58,0.68,351.73,0.64,12137.27,2.47,1.24,4090.82,58.54,4955.02,0.249,0.45,0.249,9.711,6.60348
Al2O3,0.083,0.066,72,49.38,33,40.75809917,11,3,0.5,80,60,1500,0.28,23.81,0.58,358.33,0.85,16183.84,2.47,0.94,5454.69,67.59,5722.63,0.249,0.726,0.249,9.711,5.63238
Al2O3,0.083,0.0833,72,52.5,33,37.16352255,14,3,0.5,80,60,1500,0.35,25.34,0.5,367.41,1.06,20220.7,2.47,0.78,6815.31,75.56,6396.66,0.249,1.1662,0.249,9.711,4.8555
Water,0.083,0.0167,70,66.17710843,32,51,3,3,0,0,0,0,0.19,25.85,0.5,200.52,0.21,3646.79,3.768,0.74,1229.13,33.46,2141.92,0.249,0.0501,0.0501,1.9038,0.9519
Water,0.083,0.033,70,63.55373494,32,44.16,4,3,0,0,0,0,0.39,29.35,0.32,226.28,0.38,6551.12,3.768,0.42,2208.03,44.85,2870.82,0.249,0.132,0.132,5.016,1.60512
Water,0.083,0.05,70,60.5,32,39.885,6,3,0,0,0,0,0.599,30.52,0.25,250.85,0.64,10918.54,3.768,0.31,3680.05,57.91,3706.21,0.249,0.3,0.249,9.462,2.3655
Water,0.083,0.066,70,62.4,32,35.58409091,8,3,0,0,0,0,0.79,31.04,0.2,271.65,0.85,14558.78,3.768,0.25,4906.98,66.87,4279.63,0.249,0.528,0.249,9.462,1.8924
Water,0.083,0.0833,70,63.16,32,34.04460984,10,3,0,0,0,0,0.99,31.19,0.18,297.34,1.06,18190.26,3.768,0.22,6130.96,74.75,4783.74,0.249,0.833,0.249,9.462,1.70316
Al2O3,0.083,0.0167,70,64.08726104,32,54.04,4,3,0.05,80,60,1500,0.17,23.89,0.58,216.82,0.21,3726.81,3.48,0.93,1256.09,33.56,2245.8,0.249,0.0668,0.0668,2.5384,1.472272
Al2O3,0.083,0.033,70,60.68313253,32,46.06,5,3,0.05,80,60,1500,0.34,28.31,0.37,233.92,0.38,6694.82,3.48,0.49,2256.46,44.94,3010,0.249,0.165,0.165,6.27,2.3199
Al2O3,0.083,0.05,70,59.36,32,39.5696,7,3,0.05,80,60,1500,0.51,30.04,0.28,247.52,0.64,11158.03,3.48,0.35,3760.77,58.1,3885.97,0.249,0.35,0.249,9.462,2.64936
Al2O3,0.083,0.066,70,60.88,32,35.8230303,9,3,0.05,80,60,1500,0.69,30.38,0.24,278.02,0.85,14878.11,3.48,0.29,5014.61,67.06,4887.27,0.249,0.594,0.249,9.462,2.27088
Al2O3,0.083,0.0833,70,62.02,32,34.16852559,11,3,0.05,80,60,1500,0.86,30.54,0.21,307.39,1.06,18589.27,3.48,0.26,6265.44,74.96,5015.76,0.249,0.9163,0.249,9.462,1.98702
Al2O3,0.083,0.0167,70,58.40389558,32,66.58,5,3,0.25,80,60,1500,0.11,13.74,0.91,365.61,0.21,3929.46,2.74,2.5,1324.41,33.65,2568.43,0.249,0.0835,0.0835,3.173,2.88743
Al2O3,0.083,0.033,70,52.17204819,32,54.42,6,3,0.25,80,60,1500,0.21,23.46,0.59,279.81,0.38,7058.92,2.74,0.96,2379.18,45.11,3442.47,0.249,0.198,0.198,7.524,4.43916
Al2O3,0.083,0.05,70,52.52,32,42.8813,8,3,0.25,80,60,1500,0.31,26.3,0.46,288.32,0.64,11764.86,2.74,0.66,3965.29,58.23,4444.21,0.249,0.4,0.249,9.462,4.35252
Al2O3,0.083,0.066,70,55.56,32,37.44781818,10,3,0.25,80,60,1500,0.43,27.66,0.38,301.51,0.85,15687.26,2.74,0.52,5287.33,67.24,5131.86,0.249,0.66,0.249,9.462,3.59556
Al2O3,0.083,0.0833,70,57.08,32,35.21836735,12,3,0.25,80,60,1500,0.53,27.99,0.34,336.02,1.06,19600.26,2.74,0.46,6606.19,75.16,5736.3,0.249,0.9996,0.249,9.462,3.21708
Al2O3,0.083,0.0167,70,55.62592771,32,67.72,6,3,0.5,80,60,1500,0.069,11.97,0.94,284.35,0.21,4053.85,2.47,2.99,1366.33,33.83,2864.12,0.249,0.1002,0.1002,3.8076,3.579144
Al2O3,0.083,0.033,70,37.56722892,32,66.96,7,3,0.5,80,60,1500,0.14,12.26,0.92,344.85,0.38,7282.37,2.47,2.87,2454.49,45.34,3838.76,0.249,0.231,0.231,8.778,8.07576
Al2O3,0.083,0.05,70,43.02,32,46.92893333,9,3,0.5,80,60,1500,0.21,20.26,0.71,376.31,0.64,12137.27,2.47,1.32,4090.82,58.54,4955.02,0.249,0.45,0.249,9.462,6.71802
Al2O3,0.083,0.066,70,47.96,32,39.55917355,11,3,0.5,80,60,1500,0.28,22.94,0.58,367.32,0.85,16183.84,2.47,0.97,5454.69,67.59,5722.63,0.249,0.726,0.249,9.462,5.48796
Al2O3,0.083,0.0833,70,50.24,32,36.21903619,14,3,0.5,80,60,1500,0.35,24.13,0.52,388.65,1.06,20220.7,2.47,0.82,6815.31,75.56,6396.66,0.249,1.1662,0.249,9.462,4.92024
Water,0.083,0.0167,78,75.80284337,36,52.38,2,3,0,0,0,0,0.19,31.82,0.39,140.25,0.21,3646.79,3.768,0.51,1075.65,31.31,2003.73,0.249,0.0334,0.0334,1.4028,0.547092
Water,0.083,0.033,78,73.65831325,36,46.92,3,3,0,0,0,0,0.39,34.35,0.26,172.3,0.38,6551.12,3.768,0.32,1932.3,41.96,2685.59,0.249,0.099,0.099,4.158,1.08108
Water,0.083,0.05,78,69.6,36,44.3664,5,3,0,0,0,0,0.599,35.22,0.2,196.4,0.64,10918.54,3.768,0.24,3220.51,54.17,3467.09,0.249,0.25,0.249,10.458,2.0916
Water,0.083,0.066,78,70.86,36,39.84818182,7,3,0,0,0,0,0.79,35.69,0.17,214.45,0.85,14558.78,3.768,0.19,4294.23,62.56,4003.56,0.249,0.462,0.249,10.458,1.77786
Water,0.083,0.0833,78,71.7,36,38.09243697,9,3,0,0,0,0,0.99,35.75,0.15,238.51,1.06,18190.26,3.768,0.17,5365.37,69.92,4475.1,0.249,0.7497,0.249,10.458,1.5687
Al2O3,0.083,0.0167,78,74.28173494,36,54.48,3,3,0.05,80,60,1500,0.17,30.51,0.44,142.55,0.21,3726.81,3.48,0.61,1099.24,31.39,2100.91,0.249,0.0501,0.0501,2.1042,0.925848
Al2O3,0.083,0.033,78,71.76578313,36,47.76,4,3,0.05,80,60,1500,0.34,33.85,0.28,164.96,0.38,6694.82,3.48,0.35,1974.69,42.08,2815.85,0.249,0.132,0.132,5.544,1.55232
Al2O3,0.083,0.05,78,68.34,36,44.0178,6,3,0.05,80,60,1500,0.51,34.65,0.23,195.78,0.64,11158.03,3.48,0.28,3291.15,54.33,3635.25,0.249,0.3,0.249,10.458,2.40534
Al2O3,0.083,0.066,78,69.6,36,39.96136364,8,3,0.05,80,60,1500,0.69,34.73,0.2,231.81,0.85,14878.11,3.48,0.25,4388.41,62.74,4197.73,0.249,0.528,0.249,10.458,2.0916
Al2O3,0.083,0.0833,78,70.44,36,38.25983193,10,3,0.05,80,60,1500,0.86,34.99,0.18,252.13,1.06,18589.27,3.48,0.22,5483.05,70.13,4692.15,0.249,0.833,0.249,10.458,1.88244
Al2O3,0.083,0.0167,78,69.77474699,36,66.66,4,3,0.25,80,60,1500,0.11,22.26,0.73,201.67,0.21,3929.46,2.74,1.384,1159.03,31.48,2402.72,0.249,0.0668,0.0668,2.8056,2.048088
Al2O3,0.083,0.033,78,64.91927711,36,55.74,5,3,0.25,80,60,1500,0.21,29.19,0.47,193.53,0.38,7058.92,2.74,0.66,2082.08,42.19,3220.37,0.249,0.165,0.165,6.93,3.2571
Al2O3,0.083,0.05,78,62.04,36,47.3544,7,3,0.25,80,60,1500,0.31,31.3,0.38,220.82,0.64,11764.86,2.74,0.51,3470.14,54.47,4157.48,0.249,0.35,0.249,10.458,3.97404
Al2O3,0.083,0.066,78,64.56,36,41.63393939,9,3,0.25,80,60,1500,0.43,32.19,0.32,245.14,0.85,15687.26,2.74,0.42,4627.08,62.9,4800.76,0.249,0.594,0.249,10.458,3.34656
Al2O3,0.083,0.0833,78,65.82,36,39.30985485,11,3,0.25,80,60,1500,0.53,32.72,0.29,267.03,1.06,19600.26,2.74,0.37,5781.25,70.31,5366.2,0.249,0.9163,0.249,10.458,3.03282
Al2O3,0.083,0.0167,78,65.46493976,36,73.38,5,3,0.5,80,60,1500,0.069,16.66,0.89,211.83,0.21,4053.85,2.47,2.23,1195.71,31.64,2679.31,0.249,0.0835,0.0835,3.507,3.12123
Al2O3,0.083,0.033,78,52.28385542,36,68.34,6,3,0.5,80,60,1500,0.14,20.81,0.77,293.55,0.38,7282.37,2.47,1.55,2147.99,42.42,3591.09,0.249,0.198,0.198,8.316,6.40332
Al2O3,0.083,0.05,78,54.06,36,50.90265,8,3,0.5,80,60,1500,0.21,26.49,0.57,256.63,0.64,12137.27,2.47,0.9,3579.98,54.76,4636.08,0.249,0.4,0.249,10.458,5.96106
Al2O3,0.083,0.066,78,57.84,36,43.60581818,10,3,0.5,80,60,1500,0.28,28.54,0.48,267.59,0.85,16183.84,2.47,0.71,4773.55,63.23,5353.42,0.249,0.66,0.249,10.458,5.01984
Al2O3,0.083,0.0833,78,59.94,36,40.4987395,12,3,0.5,80,60,1500,0.35,29.41,0.43,292.17,1.06,20220.7,2.47,0.62,5964.25,70.68,5983.96,0.249,0.9996,0.249,10.458,4.49694
Water,0.083,0.0167,76,73.74516466,35,51.81,2,3,0,0,0,0,0.19,30.53,0.41,150.19,0.21,3646.79,3.768,0.55,1075.65,31.31,2003.73,0.249,0.0334,0.0334,1.3694,0.561454
Water,0.083,0.033,76,71.76168675,35,45.66,3,3,0,0,0,0,0.39,33.56,0.26,171.92,0.38,6551.12,3.768,0.32,1932.3,41.96,2685.59,0.249,0.099,0.099,4.059,1.05534
Water,0.083,0.05,76,67.39,35,43.57556,5,3,0,0,0,0,0.599,34.28,0.21,200.65,0.64,10918.54,3.768,0.25,3220.51,54.17,3467.09,0.249,0.25,0.249,10.209,2.14389
Water,0.083,0.066,76,68.62,35,38.97753247,7,3,0,0,0,0,0.79,34.49,0.18,228.65,0.85,14558.78,3.768,0.21,4294.23,62.56,4003.56,0.249,0.462,0.249,10.209,1.83762
Water,0.083,0.0833,76,70.26,35,36.90644258,9,3,0,0,0,0,0.99,35.15,0.14,227.05,1.06,18190.26,3.768,0.17,5365.37,69.92,4475.1,0.249,0.7497,0.249,10.209,1.42926
Al2O3,0.083,0.0167,76,72.12278313,35,54.27,3,3,0.05,80,60,1500,0.17,29.14,0.47,153.57,0.21,3726.81,3.48,0.66,1099.24,31.39,2100.91,0.249,0.0501,0.0501,2.0541,0.965427
Al2O3,0.083,0.033,76,69.69686747,35,46.89,4,3,0.05,80,60,1500,0.34,32.69,0.29,174.33,0.38,6694.82,3.48,0.37,1974.69,42.08,2815.85,0.249,0.132,0.132,5.412,1.56948
Al2O3,0.083,0.05,76,66.16,35,43.1672,6,3,0.05,80,60,1500,0.51,33.49,0.24,206.66,0.64,11158.03,3.48,0.29,3291.15,54.33,3635.25,0.249,0.3,0.249,10.209,2.45016
Al2O3,0.083,0.066,76,67.39,35,39.06039773,8,3,0.05,80,60,1500,0.69,33.63,0.21,242.88,0.85,14878.11,3.48,0.26,4388.41,62.74,4197.73,0.249,0.528,0.249,10.209,2.14389
Al2O3,0.083,0.0833,76,68.62,35,37.20602641,10,3,0.05,80,60,1500,0.86,34.09,0.18,255.07,1.06,18589.27,3.48,0.22,5483.05,70.13,4692.15,0.249,0.833,0.249,10.209,1.83762
Al2O3,0.083,0.0167,76,67.97058635,35,64.93,4,3,0.25,80,60,1500,0.11,20.59,0.73,223.42,0.21,3929.46,2.74,1.53,1159.03,31.48,2402.72,0.249,0.0668,0.0668,2.7388,1.999324
Al2O3,0.083,0.033,76,62.6873494,35,55.09,5,3,0.25,80,60,1500,0.21,28.06,0.49,208.93,0.38,7058.92,2.74,0.72,2082.08,42.19,3220.37,0.249,0.165,0.165,6.765,3.31485
Al2O3,0.083,0.05,76,60.01,35,46.37574286,7,3,0.25,80,60,1500,0.31,30.24,0.39,229.33,0.64,11764.86,2.74,0.52,3470.14,54.47,4157.48,0.249,0.35,0.249,10.209,3.98151
Al2O3,0.083,0.066,76,62.47,35,40.67166667,9,3,0.25,80,60,1500,0.43,31.19,0.33,253.03,0.85,15687.26,2.74,0.43,4627.08,62.9,4800.76,0.249,0.594,0.249,10.209,3.36897
Al2O3,0.083,0.0833,76,64.11,35,38.23104878,11,3,0.25,80,60,1500,0.53,31.98,0.29,266.55,1.06,19600.26,2.74,0.37,5781.25,70.31,5366.2,0.249,0.9163,0.249,10.209,2.96061
Al2O3,0.083,0.0167,76,63.48841365,35,72.31,5,3,0.5,80,60,1500,0.069,14.83,0.91,238.98,0.21,4053.85,2.47,2.52,1195.71,31.64,2679.31,0.249,0.0835,0.0835,3.4235,3.115385
Al2O3,0.083,0.033,76,50.24409639,35,67.39,6,3,0.5,80,60,1500,0.14,19.39,0.79,316.5,0.38,7282.37,2.47,1.67,2147.99,42.42,3591.09,0.249,0.198,0.198,8.118,6.41322
Al2O3,0.083,0.05,76,51.81,35,50.058275,8,3,0.5,80,60,1500,0.21,25.15,0.59,275.33,0.64,12137.27,2.47,0.97,3579.98,54.76,4636.08,0.249,0.4,0.249,10.209,6.02331
Al2O3,0.083,0.066,76,55.91,35,42.57940909,10,3,0.5,80,60,1500,0.28,27.35,0.49,283.07,0.85,16183.84,2.47,0.75,4773.55,63.23,5353.42,0.249,0.66,0.249,10.209,5.00241
Al2O3,0.083,0.0833,76,58.37,35,39.39162665,12,3,0.5,80,60,1500,0.35,28.61,0.43,295.45,1.06,20220.7,2.47,0.62,5964.25,70.68,5983.96,0.249,0.9996,0.249,10.209,4.38987
Water,0.083,0.0167,74,71.74650602,34,50.8,2,3,0,80,0,0,0.19,29.57,0.42,154.6,0.21,3646.79,3.768,0.57,1075.65,31.31,2003.73,0.249,0.0334,0.0334,1.336,0.56112
Water,0.083,0.033,74,69.7060241,34,44.8,3,3,0,80,0,0,0.39,32.94,0.27,180.61,0.38,6551.12,3.768,0.33,1932.3,41.96,2685.59,0.249,0.099,0.099,3.96,1.0692
Water,0.083,0.05,74,65.6,34,42.3664,5,3,0,80,0,0,0.599,33.27,0.21,206.68,0.64,10918.54,3.768,0.25,3220.51,54.17,3467.09,0.249,0.25,0.249,9.96,2.0916
Water,0.083,0.066,74,66.8,34,37.88051948,7,3,0,80,0,0,0.79,33.53,0.18,233.49,0.85,14558.78,3.768,0.21,4294.23,62.56,4003.56,0.249,0.462,0.249,9.96,1.7928
Water,0.083,0.0833,74,68.4,34,35.85994398,9,3,0,80,0,0,0.99,35.15,0.14,229.04,1.06,18190.26,3.768,0.17,5365.37,69.92,4475.1,0.249,0.7497,0.249,9.96,1.3944
Al2O3,0.083,0.0167,74,70.13686747,34,53.2,3,3,0.05,80,60,1500,0.17,28.06,0.48,159.93,0.21,3726.81,3.48,0.68,1099.24,31.39,2100.91,0.249,0.0501,0.0501,2.004,0.96192
Al2O3,0.083,0.033,74,67.42650602,34,46.4,4,3,0.05,80,60,1500,0.34,31.48,0.31,185.45,0.38,6694.82,3.48,0.39,1974.69,42.08,2815.85,0.249,0.132,0.132,5.28,1.6368
Al2O3,0.083,0.05,74,64,34,42.3,6,3,0.05,80,60,1500,0.51,32.29,0.25,219.76,0.64,11158.03,3.48,0.31,3291.15,54.33,3635.25,0.249,0.3,0.249,9.96,2.49
Al2O3,0.083,0.066,74,65.2,34,38.15,8,3,0.05,80,60,1500,0.69,32.68,0.22,248.51,0.85,14878.11,3.48,0.27,4388.41,62.74,4197.73,0.249,0.528,0.249,9.96,2.1912
Al2O3,0.083,0.0833,74,66.4,34,36.27178872,10,3,0.05,80,60,1500,0.86,32.99,0.19,267.42,1.06,18589.27,3.48,0.23,5483.05,70.13,4692.15,0.249,0.833,0.249,9.96,1.8924
Al2O3,0.083,0.0167,74,65.52257028,34,65.6,4,3,0.25,80,60,1500,0.11,19.07,0.79,242.75,0.21,3929.46,2.74,1.67,1159.03,31.48,2402.72,0.249,0.0668,0.0668,2.672,2.11088
Al2O3,0.083,0.033,74,60.74698795,34,54,5,3,0.25,80,60,1500,0.21,27.03,0.5,216.87,0.38,7058.92,2.74,0.74,2082.08,42.19,3220.37,0.249,0.165,0.165,6.6,3.3
Al2O3,0.083,0.05,74,57.6,34,45.66742857,7,3,0.25,80,60,1500,0.31,28.95,0.41,244.87,0.64,11764.86,2.74,0.56,3470.14,54.47,4157.48,0.249,0.35,0.249,9.96,4.0836
Al2O3,0.083,0.066,74,60,34,39.86868687,9,3,0.25,80,60,1500,0.43,29.98,0.35,268.48,0.85,15687.26,2.74,0.46,4627.08,62.9,4800.76,0.249,0.594,0.249,9.96,3.486
Al2O3,0.083,0.0833,74,62.4,34,37.15224272,11,3,0.25,80,60,1500,0.53,30.77,0.29,282.79,1.06,19600.26,2.74,0.39,5781.25,70.31,5366.2,0.249,0.9163,0.249,9.96,2.8884
Al2O3,0.083,0.0167,74,61.5253012,34,71.2,5,3,0.5,80,60,1500,0.069,13.63,0.93,258.91,0.21,4053.85,2.47,2.73,1195.71,31.64,2679.31,0.249,0.0835,0.0835,3.34,3.1062
Al2O3,0.083,0.033,74,48.87228916,34,65.6,6,3,0.5,80,60,1500,0.14,19.01,0.79,314.75,0.38,7282.37,2.47,1.66,2147.99,42.42,3591.09,0.249,0.198,0.198,7.92,6.2568
Al2O3,0.083,0.05,74,49.6,34,49.189,8,3,0.5,80,60,1500,0.21,24.04,0.61,288.72,0.64,12137.27,2.47,1.02,3579.98,54.76,4636.08,0.249,0.4,0.249,9.96,6.0756
Al2O3,0.083,0.066,74,53.2,34,41.84727273,10,3,0.5,80,60,1500,0.28,26.04,0.52,302.85,0.85,16183.84,2.47,0.79,4773.55,63.23,5353.42,0.249,0.66,0.249,9.96,5.1792
Al2O3,0.083,0.0833,74,56,34,38.48379352,12,3,0.5,80,60,1500,0.35,27.49,0.45,310.78,1.06,20220.7,2.47,0.66,5964.25,70.68,5983.96,0.249,0.9996,0.249,9.96,4.482
Water,0.083,0.0167,72,69.80284337,33,49.38,2,3,0,0,0,0,0.19,28.65,0.42,156.68,0.21,3646.79,3.768,0.57,1075.65,31.31,2003.73,0.249,0.0334,0.0334,1.3026,0.547092
Water,0.083,0.033,72,67.65831325,33,43.92,3,3,0,0,0,0,0.39,31.19,0.28,193.71,0.38,6551.12,3.768,0.36,1932.3,41.96,2685.59,0.249,0.099,0.099,3.861,1.08108
Water,0.083,0.05,72,63.81,33,41.15724,5,3,0,0,0,0,0.599,32.37,0.21,209.06,0.64,10918.54,3.768,0.26,3220.51,54.17,3467.09,0.249,0.25,0.249,9.711,2.03931
Water,0.083,0.066,72,64.59,33,36.9937013,7,3,0,0,0,0,0.79,32.49,0.19,242.72,0.85,14558.78,3.768,0.22,4294.23,62.56,4003.56,0.249,0.462,0.249,9.711,1.84509
Water,0.083,0.0833,72,66.15,33,34.94297719,9,3,0,0,0,0,0.99,33.35,0.15,231.13,1.06,18190.26,3.768,0.17,5365.37,69.92,4475.1,0.249,0.7497,0.249,9.711,1.45665
Al2O3,0.083,0.0167,72,68.07650602,33,52.5,3,3,0.05,80,60,1500,0.17,26.81,0.5,171.27,0.21,3726.81,3.48,0.73,1099.24,31.39,2100.91,0.249,0.0501,0.0501,1.9539,0.97695
Al2O3,0.083,0.033,72,65.59084337,33,45.09,4,3,0.05,80,60,1500,0.34,30.63,0.31,186.85,0.38,6694.82,3.48,0.39,1974.69,42.08,2815.85,0.249,0.132,0.132,5.148,1.59588
Al2O3,0.083,0.05,72,61.86,33,41.4162,6,3,0.05,80,60,1500,0.51,31.19,0.26,230.85,0.64,11158.03,3.48,0.33,3291.15,54.33,3635.25,0.249,0.3,0.249,9.711,2.52486
Al2O3,0.083,0.066,72,63.03,33,37.23017045,8,3,0.05,80,60,1500,0.69,31.53,0.23,262.72,0.85,14878.11,3.48,0.28,4388.41,62.74,4197.73,0.249,0.528,0.249,9.711,2.23353
Al2O3,0.083,0.0833,72,64.59,33,35.214994,10,3,0.05,80,60,1500,0.86,32.09,0.19,270.97,1.06,18589.27,3.48,0.23,5483.05,70.13,4692.15,0.249,0.833,0.249,9.711,1.84509
Al2O3,0.083,0.0167,72,63.42062651,33,64.98,4,3,0.25,80,60,1500,0.11,17.86,0.82,259.22,0.21,3929.46,2.74,1.78,1159.03,31.48,2402.72,0.249,0.0668,0.0668,2.6052,2.136264
Al2O3,0.083,0.033,72,58.30301205,33,53.67,5,3,0.25,80,60,1500,0.21,25.65,0.53,234.05,0.38,7058.92,2.74,0.8,2082.08,42.19,3220.37,0.249,0.165,0.165,6.435,3.41055
Al2O3,0.083,0.05,72,55.62,33,44.6532,7,3,0.25,80,60,1500,0.31,27.78,0.42,259.22,0.64,11764.86,2.74,0.59,3470.14,54.47,4157.48,0.249,0.35,0.249,9.711,4.07862
Al2O3,0.083,0.066,72,58.35,33,38.7219697,9,3,0.25,80,60,1500,0.43,29.03,0.35,276.28,0.85,15687.26,2.74,0.47,4627.08,62.9,4800.76,0.249,0.594,0.249,9.711,3.39885
Al2O3,0.083,0.0833,72,59.91,33,36.2853978,11,3,0.25,80,60,1500,0.53,29.82,0.31,290.57,1.06,19600.26,2.74,0.39,5781.25,70.31,5366.2,0.249,0.9163,0.249,9.711,3.01041
Al2O3,0.083,0.0167,72,59.70638554,33,69.66,5,3,0.5,80,60,1500,0.069,13.09,0.94,266.58,0.21,4053.85,2.47,2.81,1195.71,31.64,2679.31,0.249,0.0835,0.0835,3.2565,3.06111
Al2O3,0.083,0.033,72,46.26,33,65.37,6,3,0.5,80,60,1500,0.14,17.21,0.83,358.86,0.38,7282.37,2.47,1.89,2147.99,42.42,3591.09,0.249,0.198,0.198,7.722,6.40926
Al2O3,0.083,0.05,72,47.43,33,48.294825,8,3,0.5,80,60,1500,0.21,23.07,0.63,302.47,0.64,12137.27,2.47,1.06,3579.98,54.76,4636.08,0.249,0.4,0.249,9.711,6.11793
Al2O3,0.083,0.066,72,51.33,33,40.79822727,10,3,0.5,80,60,1500,0.28,24.95,0.53,316.84,0.85,16183.84,2.47,0.84,4773.55,63.23,5353.42,0.249,0.66,0.249,9.711,5.14683
Al2O3,0.083,0.0833,72,53.67,33,37.5659964,12,3,0.5,80,60,1500,0.35,26.14,0.47,333.98,1.06,20220.7,2.47,0.7,5964.25,70.68,5983.96,0.249,0.9996,0.249,9.711,4.56417
Water,0.083,0.0167,70,67.70626506,32,49.1,2,3,0,0,0,0,0.19,27.36,0.45,168.6,0.21,3646.79,3.768,0.62,1075.65,31.31,2003.73,0.249,0.0334,0.0334,1.2692,0.57114
Water,0.083,0.033,70,65.76963855,32,42.64,3,3,0,0,0,0,0.39,30.39,0.28,192.54,0.38,6551.12,3.768,0.35,1932.3,41.96,2685.59,0.249,0.099,0.099,3.762,1.05336
Water,0.083,0.05,70,61.26,32,40.70504,5,3,0,0,0,0,0.599,30.97,0.23,231.76,0.64,10918.54,3.768,0.28,3220.51,54.17,3467.09,0.249,0.25,0.249,9.462,2.17626
Water,0.083,0.066,70,63.16,32,35.68649351,7,3,0,0,0,0,0.79,31.85,0.18,234.39,0.85,14558.78,3.768,0.21,4294.23,62.56,4003.56,0.249,0.462,0.249,9.462,1.70316
Al2O3,0.083,0.0167,70,66.17710843,32,51,3,3,0.05,80,60,1500,0.17,26,0.5,172.58,0.21,3726.81,3.48,0.74,1099.24,31.39,2100.91,0.249,0.0501,0.0501,1.9038,0.9519
Al2O3,0.083,0.033,70,63.35228916,32,44.54,4,3,0.05,80,60,1500,0.34,29.46,0.33,198.12,0.38,6694.82,3.48,0.42,1974.69,42.08,2815.85,0.249,0.132,0.132,5.016,1.65528
Al2O3,0.083,0.05,70,59.74,32,40.5158,6,3,0.05,80,60,1500,0.51,30.13,0.27,240.09,0.64,11158.03,3.48,0.34,3291.15,54.33,3635.25,0.249,0.3,0.249,9.462,2.55474
Al2O3,0.083,0.066,70,60.88,32,36.30090909,8,3,0.05,80,60,1500,0.69,30.37,0.24,278.02,0.85,14878.11,3.48,0.29,4388.41,62.74,4197.73,0.249,0.528,0.249,9.462,2.27088
Al2O3,0.083,0.0833,70,62.78,32,34.15819928,10,3,0.05,80,60,1500,0.86,30.99,0.19,284.67,1.06,18589.27,3.48,0.24,5483.05,70.13,4692.15,0.249,0.833,0.249,9.462,1.79778
Al2O3,0.083,0.0167,70,61.23283534,32,64.68,4,3,0.25,80,60,1500,0.11,15.99,0.86,296.45,0.21,3929.46,2.74,2.04,1159.03,31.48,2402.72,0.249,0.0668,0.0668,2.5384,2.183024
Al2O3,0.083,0.033,70,56.15060241,32,52.9,5,3,0.25,80,60,1500,0.21,24.45,0.55,249.54,0.38,7058.92,2.74,0.86,2082.08,42.19,3220.37,0.249,0.165,0.165,6.27,3.4485
Al2O3,0.083,0.05,70,53.28,32,43.89508571,7,3,0.25,80,60,1500,0.31,26.71,0.44,270.44,0.64,11764.86,2.74,0.62,3470.14,54.47,4157.48,0.249,0.35,0.249,9.462,4.16328
Al2O3,0.083,0.066,70,56.32,32,37.73454545,9,3,0.25,80,60,1500,0.43,28.17,0.36,280.13,0.85,15687.26,2.74,0.48,4627.08,62.9,4800.76,0.249,0.594,0.249,9.462,3.40632
Al2O3,0.083,0.0833,70,58.22,32,35.20115683,11,3,0.25,80,60,1500,0.53,28.82,0.31,300.68,1.06,19600.26,2.74,0.41,5781.25,70.31,5366.2,0.249,0.9163,0.249,9.462,2.93322
Al2O3,0.083,0.0167,70,58.02160643,32,67.72,5,3,0.5,80,60,1500,0.069,13.01,0.94,259.06,0.21,4053.85,2.47,2.73,1195.71,31.64,2679.31,0.249,0.0835,0.0835,3.173,2.98262
Al2O3,0.083,0.033,70,44.31566265,32,64.3,6,3,0.5,80,60,1500,0.14,15.99,0.85,381.95,0.38,7282.37,2.47,2.01,2147.99,42.42,3591.09,0.249,0.198,0.198,7.524,6.3954
Al2O3,0.083,0.05,70,45.3,32,47.37575,8,3,0.5,80,60,1500,0.21,21.53,0.65,328.74,0.64,12137.27,2.47,1.16,3579.98,54.76,4636.08,0.249,0.4,0.249,9.462,6.1503
Al2O3,0.083,0.066,70,49.48,32,39.74163636,10,3,0.5,80,60,1500,0.28,24.21,0.54,320.6,0.85,16183.84,2.47,0.89,4773.55,63.23,5353.42,0.249,0.66,0.249,9.462,5.10948
Al2O3,0.083,0.0833,70,51.76,32,36.54357743,12,3,0.5,80,60,1500,0.35,25.12,0.48,347.52,1.06,20220.7,2.47,0.73,5964.25,70.68,5983.96,0.249,0.9996,0.249,9.462,4.54176
